Workbook

Sheet Inventory
A1: Oasis Events - Inventory & Budget
A3: Item ID | B3: Item Name | C3: Category | D3: Qty | E3: Unit Cost | F3: Line Total | G3: SKU | H3: Category Code | I3: Item Label | K3: Event Date | M3: Vendor | O3: Sorted Vendors | P3: Categories | R3: Y/M/D
A4: =sequence(8) -> #NAME? | B4: Folding Chair | C4: Furniture | D4: 120 | E4: =xlookup(B4,PriceList!$A$4:$A$11,PriceList!$B$4:$B$11) -> #NAME? | F4: =InvTable[@qty]*InvTable[@[unit cost]] -> #N/A | G4: =UPPER(LEFT(B4,3))&"-"&MID(C4,1,2) -> FOL-Fu | H4: =UPPER(C4)&LEN(C4) -> FURNITURE9 | I4: =textjoin(" | ",TRUE(),B4,C4,D4) -> #NAME? | K4: 2026-09-15 | M4: Summit Rentals | O4: =sort(unique(M4:M8)) -> #NAME? | P4: =unique(C4:C11) -> #NAME? | R4: =YEAR(K4) -> 2026 | S4: =MONTH(K4) -> 9 | T4: =DAY(K4) -> 15
B5: Round Table | C5: Furniture | D5: 30 | E5: =xlookup(B5,PriceList!$A$4:$A$11,PriceList!$B$4:$B$11) -> #NAME? | F5: =InvTable[@qty]*InvTable[@[unit cost]] -> #N/A | G5: =UPPER(LEFT(B5,3))&"-"&MID(C5,1,2) -> ROU-Fu | H5: =UPPER(C5)&LEN(C5) -> FURNITURE9 | I5: =textjoin(" | ",TRUE(),B5,C5,D5) -> #NAME? | M5: Oasis Catering
B6: Linen Napkin | C6: Linens | D6: 400 | E6: =xlookup(B6,PriceList!$A$4:$A$11,PriceList!$B$4:$B$11) -> #NAME? | F6: =InvTable[@qty]*InvTable[@[unit cost]] -> #N/A | G6: =UPPER(LEFT(B6,3))&"-"&MID(C6,1,2) -> LIN-Li | H6: =UPPER(C6)&LEN(C6) -> LINENS6 | I6: =textjoin(" | ",TRUE(),B6,C6,D6) -> #NAME? | M6: Summit Rentals
B7: Wine Glass | C7: Glassware | D7: 250 | E7: =xlookup(B7,PriceList!$A$4:$A$11,PriceList!$B$4:$B$11) -> #NAME? | F7: =InvTable[@qty]*InvTable[@[unit cost]] -> #N/A | G7: =UPPER(LEFT(B7,3))&"-"&MID(C7,1,2) -> WIN-Gl | H7: =UPPER(C7)&LEN(C7) -> GLASSWARE9 | I7: =textjoin(" | ",TRUE(),B7,C7,D7) -> #NAME? | M7: Glow Lighting
B8: Chafing Dish | C8: Catering | D8: 18 | E8: =xlookup(B8,PriceList!$A$4:$A$11,PriceList!$B$4:$B$11) -> #NAME? | F8: =InvTable[@qty]*InvTable[@[unit cost]] -> #N/A | G8: =UPPER(LEFT(B8,3))&"-"&MID(C8,1,2) -> CHA-Ca | H8: =UPPER(C8)&LEN(C8) -> CATERING8 | I8: =textjoin(" | ",TRUE(),B8,C8,D8) -> #NAME? | K8: Category | L8: Spend | M8: Oasis Catering
B9: LED Uplight | C9: Lighting | D9: 60 | E9: =xlookup(B9,PriceList!$A$4:$A$11,PriceList!$B$4:$B$11) -> #NAME? | F9: =InvTable[@qty]*InvTable[@[unit cost]] -> #N/A | G9: =UPPER(LEFT(B9,3))&"-"&MID(C9,1,2) -> LED-Li | H9: =UPPER(C9)&LEN(C9) -> LIGHTING8 | I9: =textjoin(" | ",TRUE(),B9,C9,D9) -> #NAME? | K9: Furniture | L9: =SUMIF(C4:C11,K9,F4:F11) -> #N/A
B10: Dance Floor Panel | C10: Staging | D10: 48 | E10: =xlookup(B10,PriceList!$A$4:$A$11,PriceList!$B$4:$B$11) -> #NAME? | F10: =InvTable[@qty]*InvTable[@[unit cost]] -> #N/A | G10: =UPPER(LEFT(B10,3))&"-"&MID(C10,1,2) -> DAN-St | H10: =UPPER(C10)&LEN(C10) -> STAGING7 | I10: =textjoin(" | ",TRUE(),B10,C10,D10) -> #NAME? | K10: Linens | L10: =SUMIF(C4:C11,K10,F4:F11) -> #N/A
B11: Champagne Flute | C11: Glassware | D11: 200 | E11: =xlookup(B11,PriceList!$A$4:$A$11,PriceList!$B$4:$B$11) -> #NAME? | F11: =InvTable[@qty]*InvTable[@[unit cost]] -> #N/A | G11: =UPPER(LEFT(B11,3))&"-"&MID(C11,1,2) -> CHA-Gl | H11: =UPPER(C11)&LEN(C11) -> GLASSWARE9 | I11: =textjoin(" | ",TRUE(),B11,C11,D11) -> #NAME? | K11: Glassware | L11: =SUMIF(C4:C11,K11,F4:F11) -> #N/A
B12: Total | F12: =SUBTOTAL(109,F4:F11) -> #N/A | K12: Catering | L12: =SUMIF(C4:C11,K12,F4:F11) -> #N/A
K13: Lighting | L13: =SUMIF(C4:C11,K13,F4:F11) -> #N/A
K14: Staging | L14: =SUMIF(C4:C11,K14,F4:F11) -> #N/A

Sheet PriceList
A1: Price List
A3: Item Name | B3: Unit Cost
A4: Folding Chair | B4: 3.5
A5: Round Table | B5: 12
A6: Linen Napkin | B6: 0.75
A7: Wine Glass | B7: 1.25
A8: Chafing Dish | B8: 28
A9: LED Uplight | B9: 15
A10: Dance Floor Panel | B10: 22
A11: Champagne Flute | B11: 1.4
